chat_id,text,intent,category,zone_type,zone_number,asset_number,zone_mentioned,message_id
p001,"Добрый день! Подскажите, пожалуйста, когда починят лифт номер два в третьем подъезде? Он не ездит уже со вчерашнего вечера.",issue,elevator,entrance,3,2,True,p001_0
p001,в 3 подезде лифт не работает уже второй день когда починят,issue,elevator,entrance,3,2,True,p001_1
p001,"Пишу насчёт лифта номер два в третьем подъезде. Кабина стоит на первом этаже с утра, маме после операции тяжело подниматься пешком. Очень просим ускорить ремонт.",issue,elevator,entrance,3,2,True,p001_2
p001,"Прошу принять меры: лифт номер два в третьем подъезде не функционирует с утра, жители вынуждены ходить по лестнице.",issue,elevator,entrance,3,2,True,p001_3
p001,опять лифт не роботает целый день безобразие,issue,elevator,entrance,3,2,False,p001_4
p002,"Народ, лифт номер два в четвёртом подъезде встал, соседи сверху уже пешком ходят. Кто знает, когда починят?",issue,elevator,entrance,4,2,True,p002_0
p002,четвертый подъезд лифт 2 не роботает весь день,issue,elevator,entrance,4,2,True,p002_1
p002,"Лифт не работает, жители верхних этажей пешком ходят, примите меры.",issue,elevator,entrance,4,2,False,p002_2
p002,"Сколько можно терпеть! Лифт номер два в четвёртом подъезде не работает, а в доме полно пожилых людей.",issue,elevator,entrance,4,2,True,p002_3
p002,лифт номер два в 4 подезде не работает с полудня прошу принять меры,issue,elevator,entrance,4,2,True,p002_4
p003,"Помогите! Мы застряли в лифте номер один во втором подъезде, кабина встала между этажами. Внутри дети, мы очень волнуемся.",issue,elevator,entrance,2,1,True,p003_0
p003,во втром подъезде лифт номер 1 застрял между этажами,issue,elevator,entrance,2,1,True,p003_1
p003,"Да что за напасть! Второй подъезд, лифт номер один встал между этажами, изнутри не выбраться, аварийка не доезжает.",issue,elevator,entrance,2,1,True,p003_2
p003,"Сообщаю о нештатной ситуации: лифт номер один во втором подъезде остановился между этажами, требуется эвакуация людей.",issue,elevator,entrance,2,1,True,p003_3
p003,кабина зависла меджу этажами я звоню уже полчаса никто не отвечает пришлите кого нибудь,issue,elevator,entrance,2,1,False,p003_4
p004,"Соседи, лифт номер два во втором подъезде опять повис между этажами. Кто-нибудь знает, сколько обычно везут ремонтников?",issue,elevator,entrance,2,2,True,p004_0
p004,втаром подъезде лифт 2 завис между этажами уже час,issue,elevator,entrance,2,2,True,p004_1
p004,"Опять это уже третий раз за месец! Во втором подъезде лифт номер два завис между этажами, люди внутри.",issue,elevator,entrance,2,2,True,p004_2
p004,"Прошу зафиксировать обращение: во втором подъезде лифт номер два встал между этажами, пассажиры ожидают помощи.",issue,elevator,entrance,2,2,True,p004_3
p004,"Застряли, кабина стоит между этажами и не двигается, ждём спасателей.",issue,elevator,entrance,2,2,False,p004_4
p005,"В первом подъезде лифт номер один перестал закрывать двери, кабина уезжает с открытыми, страшно за детей.",issue,elevator,entrance,1,1,True,p005_0
p005,первый подъезд лифт 1 двери не закрываются едит с открытыми опасно,issue,elevator,entrance,1,1,True,p005_1
p005,"Лифт не закрывает двери, едет так весь день, это небезопасно.",issue,elevator,entrance,1,1,False,p005_2
p005,"Доколе можно! Лифт в первом подъезде не закрывает двери, уже дважды ехал с открытыми, кто-нибудь вызовет мастера?",issue,elevator,entrance,1,1,True,p005_3
p005,"Обращение: лифт номер один в первом подезде не закрывает двери, требуется проверка.",issue,elevator,entrance,1,1,True,p005_4
p006,"В первом подъезде лифт номер один останавливается, а двери не открывает, люди в кабине застревают.",issue,elevator,entrance,1,1,True,p006_0
p006,в первом подъезде лифт двери не открываются приехал а выйти нильзя,issue,elevator,entrance,1,1,True,p006_1
p006,"Это безобразие! В первом подъезде лифт опять запер нас в кабине, двери не открылись.",issue,elevator,entrance,1,1,True,p006_2
p006,Прошу устранить неисправность лифта номер один в первом подъезде: двери не открываются после остановки кабины.,issue,elevator,entrance,1,1,True,p006_3
p006,заклинило двери в лифте пришлось ждать пока кто нибудь нажмет кнопку снаружи,issue,elevator,entrance,1,1,False,p006_4
p007,"В пятом подъезде лифт номер три вечно проскакивает нужный этаж, едешь к себе — а он уже вверх уехал.",issue,elevator,entrance,5,3,True,p007_0
p007,в 5 подъезде лифт 3 проезжает мимо нужного етажа,issue,elevator,entrance,5,3,True,p007_1
p007,лифт номер три в 5 подъезде не астанавливается там где надо с утра уже дважды проехал мой этаж,issue,elevator,entrance,5,3,True,p007_2
p007,"Заявка: лифт номер три в пятом подъезде не останавливается на нужном этаже, кабина проезжает мимо, и приходится спускаться пешком.",issue,elevator,entrance,5,3,True,p007_3
p007,"Лифт не сбавляет ход на моём этаже, проезжает мимо, кто ещё замечал?",issue,elevator,entrance,5,3,False,p007_4
p008,"Лифт номер три в третьем подъезде трясётся при движении, кажется, что сейчас слетит с тросов, ездить страшно.",issue,elevator,entrance,3,3,True,p008_0
p008,в третьем подъезде лифт 3 сильно вибрует когда движется,issue,elevator,entrance,3,3,True,p008_1
p008,сегодня на ливте ехать страшно вся кабина дрожит,issue,elevator,entrance,3,3,False,p008_2
p008,"Третий подъезд, лифт номер три: едет и вибрирует так, что зубы стучат, вызывайте механиков!",issue,elevator,entrance,3,3,True,p008_3
p008,"Обращаю внимание: лифт номер три в третьем подъезде при движении издаёт сильную вибрацию, это пугает пассажиров.",issue,elevator,entrance,3,3,True,p008_4
p009,"В четвёртом подъезде лифт номер один не вызывается, кнопка на первом этаже не работает, приходится ждать, пока кто-нибудь выйдет.",issue,elevator,entrance,4,1,True,p009_0
p009,в 4 подъезде кнопка вызова лифта 1 не роботает,issue,elevator,entrance,4,1,True,p009_1
p009,"Сколько можно ходить по этажам! В четвёртом подъезде кнопка вызова лифта номер один не работает, никто не чинит.",issue,elevator,entrance,4,1,True,p009_2
p009,Прошу заменить кнопку вызова лифта номер один в четвёртом подъезде: она не реагирует на нажатие.,issue,elevator,entrance,4,1,True,p009_3
p009,не работает кнапка вызова в лифте нажимаеш и ничего,issue,elevator,entrance,4,1,False,p009_4
p010,"Во втором подъезде лифт номер три гудит так, что слышно на весь этаж, будто трактор едет.",issue,elevator,entrance,2,3,True,p010_0
p010,во втором подезде лифт 3 громко шумит при движении,issue,elevator,entrance,2,3,True,p010_1
p010,"Лифт номер три во втором подъезде торахтит как старый грузовик, по ночам вообще спать невозможно!",issue,elevator,entrance,2,3,True,p010_2
p010,Прошу проверить лифтовое оборудование: лифт номер три во втором подъезде при движении издаёт чрезмерный шум.,issue,elevator,entrance,2,3,True,p010_3
p010,"Лифт гремит так, что закладывает уши, ездить нельзя без наушников.",issue,elevator,entrance,2,3,False,p010_4
p011,"В первом подъезде на лестничной клетке перегорела лампа, вечером темно, страшно возвращаться.",issue,lighting,entrance,1,,True,p011_0
p011,в первом подезде лампа на лестничной клетке перегарела,issue,lighting,entrance,1,,True,p011_1
p011,прошу заменить перегоревшую лампу на лестничной клетке первого подезда,issue,lighting,entrance,1,,True,p011_2
p011,"Наша площадка в первом подъезде совсем без света, лампа сгорела.",issue,lighting,entrance,1,,True,p011_3
p011,"Лампочка на лестничной клетке перегорела, в темноте ходить неудобно.",issue,lighting,entrance,1,,False,p011_4
p012,"Во втором подъезде опять темно на площадке, лампа так и не горит.",issue,lighting,entrance,2,,True,p012_0
p012,во втором подъезде лампочка на лестничной клетке сгарела света нет,issue,lighting,entrance,2,,True,p012_1
p012,"Сколько раз говорить! Во втором подъезде лампу так и не поменяли, люди спотыкаются в темноте.",issue,lighting,entrance,2,,True,p012_2
p012,лампочка на лестнице не работает ходить темно,issue,lighting,entrance,2,,False,p012_3
p012,"Обращение: на лестничной клетке второго подъезда перегорела лампа, просим заменить в кратчайшие сроки.",issue,lighting,entrance,2,,True,p012_4
p013,"В третьем подъезде в тамбуре не работает свет, откроешь дверь — и темнота.",issue,lighting,entrance,3,,True,p013_0
p013,в третем подъезде в тамбуре свет не работает ни горелки,issue,lighting,entrance,3,,True,p013_1
p013,"Прошу починить освещение в тамбуре третьего подъезда, свет не включается вообще.",issue,lighting,entrance,3,,True,p013_2
p013,"Тамбур в третьем подъезде тёмный, освещение не включается.",issue,lighting,entrance,3,,True,p013_3
p013,освещение в тамбуре не работает второй день ходим впотьмах,issue,lighting,entrance,3,,False,p013_4
p014,"Во дворе не горит уличный фонарь, вечером темно, дети с площадки боятся идти домой.",issue,lighting,yard,,,True,p014_0
p014,во дворе фонарь не гарит уже неделю,issue,lighting,yard,,,True,p014_1
p014,"Когда это кончится! Во дворе фонарь не горит, ходить страшно.",issue,lighting,yard,,,True,p014_2
p014,Прошу восстановить работу уличного освещения: один из фонарей во дворе не включается с наступлением темноты.,issue,lighting,yard,,,True,p014_3
p014,на улице опять темно фонарь ни горит так и не починили,issue,lighting,yard,,,False,p014_4
p015,"Холодной воды нет, что случилось?",issue,water,null,,,False,p015_0
p015,"Добрый день. В доме с утра оключили холодную воду, и никого не предупредили. Подскажите, когда её включат обратно.",issue,water,null,,,False,p015_1
p015,"Что за бардак! Холодную воду отключили без предупреждения, люди второй день без воды сидят. Разберитесь с этим.",issue,water,null,,,False,p015_2
p015,Прошу сообщить причину отключения холодной воды в доме и ориентировочные сроки возобновления подачи.,issue,water,null,,,False,p015_3
p015,у нас во всем доме нет холодной воды кто нибудь знает когда включат,issue,water,null,,,False,p015_4
p016,Горячей воды нет нигде.,issue,water,null,,,False,p016_0
p016,"Здравствуйте! Уже вторые сутки в даме нет горячей воды, отключали без всяких объявлений. Может, кто-то знает, что случилось?",issue,water,null,,,False,p016_1
p016,"Сколько можно сидеть без горячей воды! Отключили и молчат, никаких объявлений. Требую объяснений от управляющей компании.",issue,water,null,,,False,p016_2
p016,Обращаюсь с жалобой на отключение горячей воды в доме без предварительного извещения жильцов. Прошу уточнить причину и сроки восстановления.,issue,water,null,,,False,p016_3
p016,у нас опять отклчили горячую воду после обеда никто даже не предупредил,issue,water,null,,,False,p016_4
p017,В четвёртом подъезде течёт труба.,issue,water,entrance,4,,True,p017_0
p017,"Добрый день. На лестничной клетке четвёртого подъезда течёт труба, вода капает прямо на ступеньки, уже набралась приличная лужа.",issue,water,entrance,4,,True,p017_1
p017,"Сколько можно! В 4-м подъезде течёт труба прямо на лестничной клетке, вода по всему полу, никто не приходит.",issue,water,entrance,4,,True,p017_2
p017,Прошу направить специалиста для устранения течи трубы на лесничной клетке подъезда №4.,issue,water,entrance,4,,True,p017_3
p017,у нас течот труба на лестнице вода по всей клетке бежит никто не чинит,issue,water,entrance,4,,False,p017_4
p018,Подвал дома затопило.,issue,water,null,,,False,p018_0
p018,"Добрый день. Подтопило подвал нашего дома, вада уже несколько дней стоит и никуда не уходит, по всему дому чувствуется запах сырости.",issue,water,null,,,False,p018_1
p018,"Когда уже откачают воду из подвала?! Эту сырость мы все вдыхаем, дома уже пахнет затхлостью.",issue,water,null,,,False,p018_2
p018,Сообщаем о подтоплении подвала дома. Просим организовать откачку воды и проверить состояние коммуникаций.,issue,water,null,,,False,p018_3
p018,народ у нас подвал затапило вода в подвале стоит уже не первый день,issue,water,null,,,False,p018_4
p019,Отопление во всём доме слабое.,issue,heating,null,,,False,p019_0
p019,"Добрый день. По всему дому батареи еле тёплые, в квартирах холодно, приходится включать обогреватели, хотя на улице уже мороз.",issue,heating,null,,,False,p019_1
p019,"Платим за отопление, а во всём даме чуть тёплые батареи! Когда уже наладят подачу тепла?",issue,heating,null,,,False,p019_2
p019,"Фиксируем, что отопление во всём доме слабо прогревает квартиры, температура ниже нормативной. Просим провести проверку системы.",issue,heating,null,,,False,p019_3
p019,во всем доме батареи еле дышат отпление слабое совсем кто тоже мерзнет,issue,heating,null,,,False,p019_4
p020,Во всём доме отключили отопление.,issue,heating,null,,,False,p020_0
p020,"Добрый день. Сегодня утром отключили отопление по всему дому, в квартирах уже заметно похолодало. Подскажите, когда тепло вернётся.",issue,heating,null,,,False,p020_1
p020,"Отопление отключили, а на улице холадно! В доме маленькие дети, так нельзя, верните тепло.",issue,heating,null,,,False,p020_2
p020,Сообщаем об отключении отопления во всём доме. Просим разъяснить причину и сообщить планируемое время возобновления подачи тепла.,issue,heating,null,,,False,p020_3
p020,во всем доме отопление отключили батареи уже халодные народ весь мерзнет,issue,heating,null,,,False,p020_4
p021,В пятом подъезде на лестнице холодно.,issue,heating,entrance,5,,True,p021_0
p021,"Здравствуйте. На лестничной клетке пятого подъезда отопление почти не греет, на площадке настоящий холад, квартиры выстуживает через входную дверь.",issue,heating,entrance,5,,True,p021_1
p021,"В 5-м подъезде на лестничной клетке настоящий мороз, батареи совсем ледяные, сколько можно ждать нормального отопления.",issue,heating,entrance,5,,True,p021_2
p021,"Прошу усилить отопление на лестничной клетке подъезда №5, температура там заметно ниже нормы.",issue,heating,entrance,5,,True,p021_3
p021,на площадке просто холодина батерии еле теплые совсем не греют,issue,heating,entrance,5,,False,p021_4
p022,По всему дому гудят трубы.,issue,heating,null,,,False,p022_0
p022,"Добрый вечер. Из труб отопления по всему дому идёт постоянный гул, слышно его даже в дальней комноте, а ночью гудение мешает спать.",issue,heating,null,,,False,p022_1
p022,"Что за гул в трубах отопления! Дом гудит как трансформаторная будка, спать невозможно.",issue,heating,null,,,False,p022_2
p022,Обращаем ваше внимание на постоянный гул в трубах отопления по всему дому. Просим проверить работу системы и устранить причину шума.,issue,heating,null,,,False,p022_3
p022,это у всех трубы гудят или только у нас по всему дому гул ночью спат невозможно,issue,heating,null,,,False,p022_4
p023,У первого подъезда мусор не вывезли.,issue,cleaning,entrance,1,,True,p023_0
p023,"Добрый день. Возле первого подъезда не вывезли мусор с площадки, пакеты лежат горой возли баков, и так уже много дней.",issue,cleaning,entrance,1,,True,p023_1
p023,"Опять не вывезли мусор с площадки у первого подъезда! Вонь на весь двор, уже неприятно из дома выходить.",issue,cleaning,entrance,1,,True,p023_2
p023,"Нужен срочный вывоз мусора с контейнерной площадки у подъезда №1, отходы не вывозились несколько дней.",issue,cleaning,entrance,1,,True,p023_3
p023,опять мусор ни вывезли мешки кинули и забыли,issue,cleaning,entrance,1,,False,p023_4
p024,С площадки второго подъезда мусор не убрали.,issue,cleaning,entrance,2,,True,p024_0
p024,"Здравствуйте. Отходы с площадки у второго подъезда никто не забирает, баки забиты под завязку, пакеты уже складывают рядом на землю.",issue,cleaning,entrance,2,,True,p024_1
p024,"Почему у второго подъезда не вывозят мусор?! Баки полные, вокруг уже всё заволено пакетами.",issue,cleaning,entrance,2,,True,p024_2
p024,Обращаю внимание на отсутствие вывоза мусора с площадки у входа во второй подъезд. Просим принять меры.,issue,cleaning,entrance,2,,True,p024_3
p024,ну когда уже мусор вывизут пакеты из-под баков воняют на всю округу,issue,cleaning,entrance,2,,False,p024_4
p025,В третьем подъезде не убирают лестничную клетку.,issue,cleaning,entrance,3,,True,p025_0
p025,"Добрый день. На лестничной клетке третьего подъезда уже каторый месяц не проводили уборку: пол грязный, перила в пыли, в углах мусар.",issue,cleaning,entrance,3,,True,p025_1
p025,"Когда уже начнут убирать в третьем подъезде? Лестничная клетка в таком виде, что гостей стыдно приглашать.",issue,cleaning,entrance,3,,True,p025_2
p025,"Обращаюсь с просьбой навести порядок на лестничной клетке подъезда №3, она не убиралась уже длительное время.",issue,cleaning,entrance,3,,True,p025_3
p025,у нас на площадке никто не убирает пыль по углам мусор валяца хоть бы раз помыли,issue,cleaning,entrance,3,,False,p025_4
p026,Во дворе контейнеры для мусора переполнены.,issue,cleaning,yard,,,True,p026_0
p026,"Добрый день. Во дворе мусорные баки забиты до атказа, отходы лежат прямо вокруг контейнеров, подойти к ним невозможно.",issue,cleaning,yard,,,True,p026_1
p026,"Контейнеры во дворе просто переполнены! Мусор раскидан по всей площадке, так и до крыс недалеко.",issue,cleaning,yard,,,True,p026_2
p026,Сообщаем о переполнении мусорных контейнеров во дворе дома. Просим организовать внеплановый вывоз отходов.,issue,cleaning,yard,,,True,p026_3
p026,баки уже не вмещают мусар рядом всё в пакетах кто займется этим,issue,cleaning,yard,,,False,p026_4
p027,На парковке разбросан мусор.,issue,cleaning,parking,,,True,p027_0
p027,"Добрый день. По всей территории парковки валяюца пакеты, бутылки и обёртки, ветер разносит их между машинами.",issue,cleaning,parking,,,True,p027_1
p027,"Парковка вся в мусоре! Бутылки, пакеты, обёртки раскиданы по всей площадке, хоть бы убирали иногда.",issue,cleaning,parking,,,True,p027_2
p027,"Необходима очистка территории парковки от мусора, отходы разбросаны по всей площади стоянки.",issue,cleaning,parking,,,True,p027_3
p027,опять мусор набросоли прямо у машин никто не убирает,issue,cleaning,parking,,,False,p027_4
p028,Во втором подъезде не работает домофон.,issue,door,entrance,2,,True,p028_0
p028,"Здравствуйте. На входе во второй подъезд сломан дамофон, дверь не открывается по коду, гости стоят на улице и звонят по телефону.",issue,door,entrance,2,,True,p028_1
p028,"Домофон во втором подъезде не работает, и никто даже не шевелится чинить. Сколько ждать можно?",issue,door,entrance,2,,True,p028_2
p028,"Прошу отремонтировать домофон на входной двери подъезда №2, устройство не реагирует на нажатие кнопок.",issue,door,entrance,2,,True,p028_3
p028,у нас домофон не работает входную дверь никак ни открыть,issue,door,entrance,2,,False,p028_4
p029,Домофон в третьем подъезде не работает.,issue,door,entrance,3,,True,p029_0
p029,"Добрый день. В 3-м подъезде перестал работать домофон на входе. Гости не могут дозвониться, приходится выходить на улицу и открывать вручную. Возьмите в работу, пожалуйста.",issue,door,entrance,3,,True,p029_1
p029,"В подъезде №3 домофон сдох, уже неделю малчит, надоело!",issue,door,entrance,3,,True,p029_2
p029,Проблема: в третьем подъзде не работает домофон на входной двери. Надеюсь на скорое решение.,issue,door,entrance,3,,True,p029_3
p029,"Ребята, домофон у нас на входе не работает, гости звонят бесполезно, все стоят у двери. Когда уже починят?",issue,door,entrance,3,,False,p029_4
p030,Входная дверь в первом подъезде не закрывается.,issue,door,entrance,1,,True,p030_0
p030,"Здравствуйте. В 1-м подъезде входная дверь не закрывается до конца, в подъезд залетает холод и сквозняк. Прошу отремонтировать.",issue,door,entrance,1,,True,p030_1
p030,"Дверь в подъезде №1 вообще не закрываеца, ветер гуляет, сколько можно!",issue,door,entrance,1,,True,p030_2
p030,"Обращение по падъезду №1: входная дверь не фиксируется в закрытом положении, подъезд не запирается. Необходим ремонт.",issue,door,entrance,1,,True,p030_3
p030,"У нас дверь на входе вообще не закрывается, из-за сквозняка в квартире холодно. Кто-нибудь знает, куда заявку подать?",issue,door,entrance,1,,False,p030_4
p031,В четвертом подъезде доводчик на двери сломан.,issue,door,entrance,4,,True,p031_0
p031,Добрый день! В 4-м подъезде на входной двери сломан доводчик — дверь с грохотом хлопает при каждом закрытии. Возможно ли его отремонтировать?,issue,door,entrance,4,,True,p031_1
p031,"В падъезде №4 доводчик уже месяц сломан, дверь бабахает так, что в квартире слышно, никто не чинит!",issue,door,entrance,4,,True,p031_2
p031,"Необходим ремонт доводчика входной двери в четвертом подъезди: дверь самостоятельно не закрывается, приходится прихлопывать.",issue,door,entrance,4,,True,p031_3
p031,"Подскажите, у нас доводчик на входной двери сломался, дверь не прикрывается до конца. Куда подать заявку?",issue,door,entrance,4,,False,p031_4
p032,На парковке шлагбаум не поднимается.,issue,parking,parking,,,True,p032_0
p032,"Добрый вечер. Утром на парковке сломался шлагбаум: не поднимается, машины стоят на выезде, образовалась очередь. Разберитесь, пожалуйста.",issue,parking,parking,,,True,p032_1
p032,"Опять весь день шлагбаум не паднимается на порковке, я простоял битый час! Сделайте уже что-нибудь!",issue,parking,parking,,,True,p032_2
p032,"На парковке шлагбум не поднимается, прошу принять меры.",issue,parking,parking,,,True,p032_3
p032,"Ребята, шлагбаум встал колом, совсем не поднимается, уже который день. Что происходит?",issue,parking,parking,,,False,p032_4
p033,Шлагбаум на парковке завис в верхнем положении.,issue,parking,parking,,,True,p033_0
p033,"Здравствуйте. Шлагбаум на нашей парковке перестал опускаться, стрелка не идет вниз, машины проезжают без контроля. Прошу починить.",issue,parking,parking,,,True,p033_1
p033,"Да что за бардак, шлагбаум на парковке не опускаеца, посторонние спокойно заезжают! Когда вы там шевелитесь?!",issue,parking,parking,,,True,p033_2
p033,"Прашу обратить внимание: шлагбаум на парковке не опускается, проезд фактически открыт.",issue,parking,parking,,,True,p033_3
p033,"Добрый вечер. У нас шлагбаум вообще не опускается, проезд все время открыт, незнакомые машины спокойно заезжают. Что с ним делать?",issue,parking,parking,,,False,p033_4
p034,На парковке не горит свет.,issue,parking,parking,,,True,p034_0
p034,"Добрый вечер. На парковке уже несколько дней не горит освещение, вечером темно, машины ставят почти на ощупь. Просьба разобраться.",issue,parking,parking,,,True,p034_1
p034,"Темень на парковке как в лесу, освищение не работает, боюсь ходить вечером к машине!",issue,parking,parking,,,True,p034_2
p034,"На паковке не горит освещение, требуется ремонт. Территория плохо просматривается в темное время суток.",issue,parking,parking,,,True,p034_3
p034,"В темноте ничего не видно, освещение не работает, к машине вечером страшно подойти. Почините, пожалуйста.",issue,parking,parking,,,False,p034_4
p035,На парковке сломано ограждение.,issue,parking,parking,,,True,p035_0
p035,"Здравствуйте. На парковке сломан забор-ограждение, одна секция повалена и лежит на земле, можно зацепить машину. Прошу восстановить.",issue,parking,parking,,,True,p035_1
p035,"Ограждение на парковки сломано, куски торчат в проезде, можно повредить бампер. Долго это будет лежать?!",issue,parking,parking,,,True,p035_2
p035,"Просьба устранить повреждене ограждения на парковке: конструкция сломана, территория не огорожена.",issue,parking,parking,,,True,p035_3
p035,"Сломанное ограждение так и лежит, никто не убирает, уже неделю. Это вообще кто-нибудь увидит?",issue,parking,parking,,,False,p035_4
p036,Второй лифт в первом подъезде работает с перебоями.,issue,elevator,entrance,1,2,True,p036_0
p036,"Добрый день. Лифт №2 в 1-м подъезде в последнее время работает с перебоями, ездить на нем страшно. Прошу провести проверку.",issue,elevator,entrance,1,2,True,p036_1
p036,"Второй лифт в первам подъезде опять барахлит, каждый день сюрпризы, невозможно нормально спуститься!",issue,elevator,entrance,1,2,True,p036_2
p036,"Заявка на лифт №2 первого подъезда: нестабилная работа, периодические сбои.",issue,elevator,entrance,1,2,True,p036_3
p036,"Куда писать жалобу, если лифт работает с перебоями? Он постоянно то останавливается, то снова едет.",issue,elevator,entrance,1,2,False,p036_4
p037,Лифт 2 в 3-м подъезде работает нестабильно.,issue,elevator,entrance,3,2,True,p037_0
p037,"Здравствуйте. Лифт №2 в третьем подъезде работает с перебоями: вызывается с задержкой, иногда просто стоит и не реагирует. Прошу провести диагностику.",issue,elevator,entrance,3,2,True,p037_1
p037,"В третьем подъезде лифт №2 опять работает с пиребоями, может встать и не реагировать, я уже опаздываю из-за него каждый день!",issue,elevator,entrance,3,2,True,p037_2
p037,По лифту №2 подъезда №3 зафиксированы перебои в работе. Требуется вмешательсво технической службы.,issue,elevator,entrance,3,2,True,p037_3
p037,"Добрый вечер. Лифт в нашем доме в последние дни то работает, то нет, приходится ходить пешком. Это надолго?",issue,elevator,entrance,3,2,False,p037_4
p038,В пятом подъезде лифт №1 трясётся при движении.,issue,elevator,entrance,5,1,True,p038_0
p038,"Добрый день. Кабина лифта №1 в 5-м подъезде сильно трясётся во время движения, особенно на спуске, с ребенком ездить страшно. Прошу проверить.",issue,elevator,entrance,5,1,True,p038_1
p038,"Лифт номер адин в пятом подъезде трясет так, что зубы стучат, всякий раз как в стиральной машине! Это вообще безопасно?!",issue,elevator,entrance,5,1,True,p038_2
p038,"Обращение: кабина лифта №1 в 5 подъезде вибрирует при движении, нужна праверка.",issue,elevator,entrance,5,1,True,p038_3
p038,"Очень трясет во время движения, страшновато. Стоит ли опасаться или это нормально?",issue,elevator,entrance,5,1,False,p038_4
p039,Второй лифт в 5 подъезде ходит ходуном.,issue,elevator,entrance,5,2,True,p039_0
p039,Добрый день! Лифт №2 в 5-м подъезде начал странно вести себя: кабину трясет при наборе скорости. Можно ли его отрегулировать?,issue,elevator,entrance,5,2,True,p039_1
p039,"Сколько раз писать про лифт номер 2 в пятом подъезде, его трясит не по-детски, а вы все молчите!",issue,elevator,entrance,5,2,True,p039_2
p039,"Лифт №2, 5 подъезд: кабина трясется при движении, направляем заявку на асмотр.",issue,elevator,entrance,5,2,True,p039_3
p039,"У нас кабина колышется при езде, как на волнах, держаться страшно. Куда можно подать жалобу по этому поводу?",issue,elevator,entrance,5,2,False,p039_4
p040,Лифт №1 во 2-м подъезде останавливается выше уровня этажа.,issue,elevator,entrance,2,1,True,p040_0
p040,"Здравствуйте. Кабина лифта №1 во втором подъезде при остановке встает выше уровня пола, приходится перешагивать через порог, это неудобно и небезопасно. Прошу отрегулировать.",issue,elevator,entrance,2,1,True,p040_1
p040,"Лифт номер один во втором подъезде постаянно останавливается выше этажа, чуть ноги не переломал, переступая! Когда настроите?!",issue,elevator,entrance,2,1,True,p040_2
p040,"Заявка: лефт №1, 2-й подъезд, неточная остановка кабины — выше уровня этажа. Требуется регулировка.",issue,elevator,entrance,2,1,True,p040_3
p040,"Помогите, кто в курсе: при остановке лифт встает выше пола, получается ступенька. Это нормально или подлежит ремонту?",issue,elevator,entrance,2,1,False,p040_4
p041,Лифт №1 во втором подъезде не доезжает до уровня этажа.,issue,elevator,entrance,2,1,True,p041_0
p041,"Добрый вечер. В лифте №1 второго подъезда кабина при остановке не доезжает до уровня пола, приходится поднимать коляску через перепад. Прошу разобраться.",issue,elevator,entrance,2,1,True,p041_1
p041,"Когда уже отрегулируют лифт номер 1 во втором подъезде? Встает ниже этажа, спотыкаешся на выходе!",issue,elevator,entrance,2,1,True,p041_2
p041,Зафиксировано: кабина лифта №1 во 2 подъезде недоведена до этажа при остановке. Просим устронить.,issue,elevator,entrance,2,1,True,p041_3
p041,"Недавно заметил: кабина останавливается ниже пола, выходишь будто в яму. Это можно исправить?",issue,elevator,entrance,2,1,False,p041_4
p042,Кабина лифта №1 во втором подъезде тормозит рывком.,issue,elevator,entrance,2,1,True,p042_0
p042,"Здравствуйте. Кабина лифта №1 во втором подъезде при остановке сильно дергается, пассажиров бросает. Хотелось бы, чтобы это проверили.",issue,elevator,entrance,2,1,True,p042_1
p042,"Каждый раз на лифте номер 1 во втором подъезде остановка с таким рывкам, что чуть спину не сломал. Опасно же!",issue,elevator,entrance,2,1,True,p042_2
p042,"Кабина лифта №1 во 2 подъезде останавливается рывками, требуеца плановая проверка.",issue,elevator,entrance,2,1,True,p042_3
p042,"На лифте ехать страшно — останавливается с толчком, как будто врезается. Это давно так, кто-нибудь заявлял?",issue,elevator,entrance,2,1,False,p042_4
p043,"Добрый день! В кабине лифта №3 в четвёртом подъезде мигает лампа. Похоже, лампочка скоро совсем перегорит. Пришлите, пожалуйста, электрика.",issue,elevator,entrance,4,3,True,p043_0
p043,В 4-м подъезде в третьем лифте мигает свет.,issue,elevator,entrance,4,3,True,p043_1
p043,"в 4 подьезде в лифте номер 3 в кабине лампа мигает, уже неделю, достало",issue,elevator,entrance,4,3,True,p043_2
p043,"лифт №3 четвёртый подъезд, лампочка в кабине мигаит и глаз раздражает",issue,elevator,entrance,4,3,True,p043_3
p043,"В кабине лифта мигает лампа, невозможно спокойно стоять. Проверьте освещение, пожалуйста.",issue,elevator,entrance,4,3,False,p043_4
p044,"Здравствуйте! В третьем подъезде лифт №1 очень долго стоит с открытыми дверями, иногда ждёшь закрытия по несколько минут. Отрегулируйте, пожалуйста, время закрытия дверей.",issue,elevator,entrance,3,1,True,p044_0
p044,в 3м подьезде лифт 1 подолгу не закрывает двери,issue,elevator,entrance,3,1,True,p044_1
p044,"В подъезде №3 лифт №1 держит двери открытыми по минуте и больше. Люди ждут у кабины, поездка занимает вечность. Почините механизм закрытия!",issue,elevator,entrance,3,1,True,p044_2
p044,в 3ем подезде лифт номер 1 долго стаит с открытыми дверями,issue,elevator,entrance,3,1,True,p044_3
p044,"Лифт подолгу не закрывает двери, ждёшь внутри кабины как на вокзале. Настройте автоматику, пожалуйста.",issue,elevator,entrance,3,1,False,p044_4
p045,"Добрый вечер! В первом подъезде лифт №3 не реагирует на кнопки в кабине. Жмёшь этаж, а кабина стоит как вкопанная. Пожалуйста, проверьте кнопочную панель.",issue,elevator,entrance,1,3,True,p045_0
p045,Третий лифт в 1-м подъезде не слушается кнопок.,issue,elevator,entrance,1,3,True,p045_1
p045,"в первом подьезде лифт номер 3, в кабине кнопки не работают, жмешь жмешь и все без толку",issue,elevator,entrance,1,3,True,p045_2
p045,"в 1 подьезде лифт 3 не реагирует на кнопки в кабине, провреьте пожалуйста",issue,elevator,entrance,1,3,True,p045_3
p045,"Кнопки в кабине лифта не реагируют на нажатие, вообще никак. Вызовите мастера, пожалуйста.",issue,elevator,entrance,1,3,False,p045_4
p046,"Здравствуйте! Во втором подъезде в холле первого этажа не горит свет. Вечером заходишь — хоть на ощупь пробирайся. Замените, пожалуйста, лампу.",issue,lighting,entrance,2,,True,p046_0
p046,"во 2м подьезде хол на 1 этаже без света, темно",issue,lighting,entrance,2,,True,p046_1
p046,"Свет в холле первого этажа в подъезде №2 не горит уже вторую неделю. Темень кромешная, легко споткнуться. Долго это будет продолжаться?",issue,lighting,entrance,2,,True,p046_2
p046,"в 2ом подьезде в холле на 1 этаже не горит свет, хоть глаз выколи",issue,lighting,entrance,2,,True,p046_3
p046,"В холле первого этажа не горит свет, приходится идти в полной темноте. Почините подсветку, пожалуйста.",issue,lighting,entrance,2,,False,p046_4
p047,"В третьем подъезде на первом этаже холл тёмный, освещения нет. Просим вернуть свет в ближайшее время.",issue,lighting,entrance,3,,True,p047_0
p047,В 3-м подъезде свет в холле на первом не работает.,issue,lighting,entrance,3,,True,p047_1
p047,"У нас в 3-м подъезде внизу, в холле, свет не горит вообще. Приходится телефоном подсвечивать. Когда поменяете лампочку?",issue,lighting,entrance,3,,True,p047_2
p047,"в 3ем подезде на первом этаже хол темный, свет не горит",issue,lighting,entrance,3,,True,p047_3
p047,"не горит свет в холе на первом этаже, темно, жутко спускаться",issue,lighting,entrance,3,,False,p047_4
p048,"Здравствуйте! В четвёртом подъезде не работает выключатель освещения на лестнице. Щёлкаешь, а свет не загорается. Посмотрите, пожалуйста.",issue,lighting,entrance,4,,True,p048_0
p048,в 4м подьезде на лестнице выключатель света не работает,issue,lighting,entrance,4,,True,p048_1
p048,"Выключатель света на лестнице в подъезде №4 дохлый, ходим в потёмках. Никак не дождёмся ремонта!",issue,lighting,entrance,4,,True,p048_2
p048,"в 4ом подьезде выключатель на лестнице сломан, нажимаеш и нет света",issue,lighting,entrance,4,,True,p048_3
p048,"На лестнице не включается свет через выключатель, приходится светить с телефона. Почините, пожалуйста.",issue,lighting,entrance,4,,False,p048_4
p049,"Здравствуйте! Во дворе возле детской площадки сломана опора уличного освещения, фонарь не горит. Дети играют в темноте. Заявьте на ремонт, пожалуйста.",issue,lighting,yard,,,True,p049_0
p049,ва дворе возле площадки сломана опора освещения,issue,lighting,yard,,,True,p049_1
p049,"Сколько можно ходить мимо сломанной опоры у детской площадки во дворе? Фонарь не работает, темно. Сделайте уже что-нибудь!",issue,lighting,yard,,,True,p049_2
p049,"во дворе возле детской плошадки сломана опора, фонарь не горит уже долго",issue,lighting,yard,,,True,p049_3
p049,"Сломана опора уличного освещения возле детской площадки, фонарь погас. Пусть кто-нибудь посмотрит.",issue,lighting,yard,,,False,p049_4
p050,"Холодная вода из крана идёт совсем слабо, напор очень низкий. Проверьте, пожалуйста, давление в системе.",issue,water,null,,,False,p050_0
p050,"холадная вода почти не течет, напор ноль",issue,water,null,,,False,p050_1
p050,"Давление холодной воды упало, стиральная машина набирает воду полчаса. Когда уже приведут в норму?",issue,water,null,,,False,p050_2
p050,"холодна вода из крана еле капаит, душ не принять",issue,water,null,,,False,p050_3
p050,В доме заметно снизилось давление холодной воды. Просим провести проверку системы подачи.,issue,water,null,,,False,p050_4
p051,"Добрый день! Горячая вода идёт слабой струйкой, напор едва заметный. Долго набирается полная ванна. Посмотрите, пожалуйста, что с давлением.",issue,water,null,,,False,p051_0
p051,напор гаричей воды почти ноль,issue,water,null,,,False,p051_1
p051,"Из горячего крана течёт тонкая струйка, помыться нормально уже невозможно. Где коммунальщики?",issue,water,null,,,False,p051_2
p051,"горичая вода еле бежит, давление совсем слабое",issue,water,null,,,False,p051_3
p051,Зафиксировано низкое давление горячей воды в системе дома. Просьба провести проверку и нормализовать подачу.,issue,water,null,,,False,p051_4
p052,"Здравствуйте! В первом подъезде капает вода из стояка, под ним уже собралась лужа. Присылайте, пожалуйста, сантехника.",issue,water,entrance,1,,True,p052_0
p052,в 1м подьезде из стояка капаит,issue,water,entrance,1,,True,p052_1
p052,"В подъезде №1 течёт стояк, капает и капает, пол уже мокрый. Третий день никого не дождёмся!",issue,water,entrance,1,,True,p052_2
p052,"в 1ом подьезде течет стояк, вода капает и не перестает",issue,water,entrance,1,,True,p052_3
p052,"Из стояка капает на пол, под ногами уже мокро. Разве так должно быть?",issue,water,entrance,1,,False,p052_4
p053,"Во дворе прорвало трубу, газон залило водой, поток только усиливается. Вызовите, пожалуйста, аварийную службу.",issue,water,yard,,,True,p053_0
p053,"во двре прорвало трубу, газон залило",issue,water,yard,,,True,p053_1
p053,"Трубу прорвало во дворе, газон весь залит. Ждём аварийную службу, но поскорее бы!",issue,water,yard,,,True,p053_2
p053,"во дворе прорвало трубу и затапило газон, вода хлещет из под земли",issue,water,yard,,,True,p053_3
p053,"Прорвало трубу, водой затопило газон. Нужна срочная помощь аварийной бригады.",issue,water,yard,,,False,p053_4
p054,"Здравствуйте! В пятом подъезде на лестничной клетке батареи холодные, приходится одеваться как на улицу. Разберитесь, пожалуйста, с отоплением.",issue,heating,entrance,5,,True,p054_0
p054,"5й подезд, на лестнице батареи холоные",issue,heating,entrance,5,,True,p054_1
p054,"Стою на лестничной клетке в 5-м подъезде — батареи ледяные, хоть рукавицы надевай. За что платим за отопление?!",issue,heating,entrance,5,,True,p054_2
p054,"в 5ом подьезде на лестничной клетке батареи совсем холдные, руки мерзнут",issue,heating,entrance,5,,True,p054_3
p054,"На лестничной клетке батареи совсем не греют, холодно стоять у почтовых ящиков. Проверьте отопление.",issue,heating,entrance,5,,False,p054_4
p055,В четвёртом подъезде радиаторы на лестничной клетке холодные. Просим проверить подачу отопления.,issue,heating,entrance,4,,True,p055_0
p055,"лесница в 4-м подезде без тепла, батареи холодные",issue,heating,entrance,4,,True,p055_1
p055,"У нас в 4-м подъезде на лестничной клетке батареи холодные-холодные, как в подвале. По такой лестнице и спускаться страшно.",issue,heating,entrance,4,,True,p055_2
p055,"в 4ом подьезде батареи на лестничной клетке не греют, холод собачий",issue,heating,entrance,4,,True,p055_3
p055,"Радиаторы на лестничной клетке ледяные, отопление словно отключили. Надеюсь, кто-нибудь приедет и посмотрит.",issue,heating,entrance,4,,False,p055_4
p056,"Здравствуйте! Во втором подъезде протекает радиатор отопления, с него капает на пол. Пожалуйста, пришлите слесаря поскорее.",issue,heating,entrance,2,,True,p056_0
p056,во 2м подьезде течет батарея,issue,heating,entrance,2,,True,p056_1
p056,"В подъезде №2 радиатор отопления течёт уже несколько дней, вокруг него всё мокрое. Никто не торопится исправлять!",issue,heating,entrance,2,,True,p056_2
p056,"во 2ом подьезде протекаит радиатор отопления, под ним уже мокро",issue,heating,entrance,2,,True,p056_3
p056,"Протекает радиатор отопления, из него постоянно капает, пол уже мокрый. Ждём ускорения ремонта.",issue,heating,entrance,2,,False,p056_4
p057,"Добрый вечер! В квартире второй день холодные батареи, радиаторы гудят и наполовину холодные. Судя по всему, завоздушило систему. Пришлите, пожалуйста, мастера спустить воздух.",issue,heating,null,,,False,p057_0
p057,батарее не греют,issue,heating,null,,,False,p057_1
p057,"Сколько можно! Радиаторы завоздушены, вода в стояке булькает, дома холодно, а толку ноль!",issue,heating,null,,,False,p057_2
p057,"Прошу направить специалиста для спуска воздуха из системы отопления. В квартире завоздушен радиатор, температура не поднимается выше нормы.",issue,heating,null,,,False,p057_3
p057,"у нас тоже батареи ледяные, завоздушило всё наверное, пазовите сантехника чтоб воздух спустил",issue,heating,null,,,False,p057_4
p058,"Здравствуйте! На лестничных площадках во втором подъезде уже несколько дней валяется мусор: окурки, обёртки, пакеты. Уберите, пожалуйста, и сделайте уборку почаще.",issue,cleaning,entrance,2,,True,p058_0
p058,Мусор на лестничных площадках во 2 подезде,issue,cleaning,entrance,2,,True,p058_1
p058,"Сколько можно ходить по этому свинарнику! Во втором подъезде площадки завалены мусором, никому до этого дела нет.",issue,cleaning,entrance,2,,True,p058_2
p058,"Управляющая компания, прошу организовать уборку лестничных площадок в подъезде №2. Мусор разбросан на нескольких этажах, убирать некому.",issue,cleaning,entrance,2,,True,p058_3
p058,"мусор разбросан по лестничным площадкам, убирайте уже, надаело",issue,cleaning,entrance,2,,False,p058_4
p059,"В четвёртом подъезде на площадках настоящая свалка! Мусор разнёсся по всем этажам, неужели никто не убирает?",issue,cleaning,entrance,4,,True,p059_0
p059,В 4-м подезде на площадках мусор,issue,cleaning,entrance,4,,True,p059_1
p059,"Добрый день. Обратите внимание на лестничные клетки в подъезде №4: разбросан бытовой мусор, особенно на верхних этажах. Будем благодарны за уборку.",issue,cleaning,entrance,4,,True,p059_2
p059,"Прошу произвести санитарную уборку лестничных площадок в подъезде №4. В настоящий момент они захламлены мусором, что нарушает санитарные нормы.",issue,cleaning,entrance,4,,True,p059_3
p059,"опять мусор по лестничным площадкам раскидали, уборщица неделю не роботает",issue,cleaning,entrance,4,,False,p059_4
p060,"Добрый день! В пятом подъезде в тамбуре пол давно не мыли: грязно, липко, следы от обуви. Просьба помыть пол.",issue,cleaning,entrance,5,,True,p060_0
p060,В 5-м подъезде пол в тамбуре грязный.,issue,cleaning,entrance,5,,True,p060_1
p060,"В пятом подъезде тамбур как проходной двор! Пол не мыли месяц, стыдно перед гастями.",issue,cleaning,entrance,5,,True,p060_2
p060,Прошу включить влажную уборку тамбура подъезда №5 в график работ. Грязный пол создаёт антисанитарные условия.,issue,cleaning,entrance,5,,True,p060_3
p060,"тамбур вечно грязный, пол никто толком не моит, жесть",issue,cleaning,entrance,5,,False,p060_4
p061,"Добрый день! Во дворе который день не убирают опавшую листву, весь асфальт в листьях. Когда планируется уборка?",issue,cleaning,yard,,,True,p061_0
p061,"Двор весь в лисве, никто не убирает",issue,cleaning,yard,,,True,p061_1
p061,"Когда уже уберут листву во дворе?! Листья лежат кучками, всё гниёт, а дворникам лишь бы мимо пройти!",issue,cleaning,yard,,,True,p061_2
p061,Прошу провести уборку опавшей листвы на придомовой территории. Во дворе листья не убираются уже продолжительное время.,issue,cleaning,yard,,,True,p061_3
p061,"листя опавшие который день не убирают, всё засыпало, неужели никто не видит",issue,cleaning,yard,,,False,p061_4
p062,"Здравствуйте! На детской площадке во дворе скопился бытовой мусор: пакеты, бутылки, обёртки. Дети там играют, приведите, пожалуйста, площадку в порядок.",issue,cleaning,yard,,,True,p062_0
p062,Детская площдка завалена мусором,issue,cleaning,yard,,,True,p062_1
p062,"Безобразие! На детской площадке мусор неделями валяется, это же дети тут бегают!",issue,cleaning,yard,,,True,p062_2
p062,"Прошу оперативно вывезти мусор, скопившийся на детской площадке придомовой территории. Присутствие бытовых отходов на площадке недопустимо.",issue,cleaning,yard,,,True,p062_3
p062,"мусара куча валяется, дети рядом гуляют, неужели нельзя убрать",issue,cleaning,yard,,,False,p062_4
p063,"Доброе утро! Входная дверь во втором подъезде перестала открываться. Просьба отрегулировать или починить её, пожалуйста.",issue,door,entrance,2,,True,p063_0
p063,Во 2-м входная двеьр не открывается,issue,door,entrance,2,,True,p063_1
p063,"Кто-нибудь починит дверь во втором подъезде?! Стою перед закрытой дверью, открыть невозможно!",issue,door,entrance,2,,True,p063_2
p063,"Прошу провести ремонт входной двери подъезда №2. Механизм заклинило, дверь не открывается, что мешает жильцам заходить и выходить.",issue,door,entrance,2,,True,p063_3
p063,"входная дверь не открываится, в дом не попасть никак",issue,door,entrance,2,,False,p063_4
p064,в третьем подезде не открывается входная дверь,issue,door,entrance,3,,True,p064_0
p064,"Добрый вечер! Не могли бы вы посмотреть дверь в подъезде №3: она не открывается с улицы, приходится ждать, пока кто-нибудь выйдет. Спасибо.",issue,door,entrance,3,,True,p064_1
p064,"Дверь в 3-м подъезде вообще не открыть! Что за отношение, сколько можно ждать ремонта!",issue,door,entrance,3,,True,p064_2
p064,"Обращаюсь с просьбой устранить неисправность входной двери подъезда №3. Дверь заблокирована в закрытом положении, попасть внутрь можно только после звонка соседям.",issue,door,entrance,3,,True,p064_3
p064,"дверь на входе не работает, не откроишь никак, заходи как хочешь",issue,door,entrance,3,,False,p064_4
p065,"Здравствуйте! В четвёртом подъезде домофон не передаёт голос: слышно, что открыли, а что говорят — непонятно. Проверьте трубку, пожалуйста.",issue,door,entrance,4,,True,p065_0
p065,Домофон в 4-м ни передаёт голос,issue,door,entrance,4,,True,p065_1
p065,"Домофон в четвёртом подъезде опять барахлит! Собеседника слышно через раз, приходится кричать в трубку!",issue,door,entrance,4,,True,p065_2
p065,"Прошу провести диагностику домофонной связи подъезда №4. Аудиоканал не передаёт голос, что затрудняет разговор с посетителями.",issue,door,entrance,4,,True,p065_3
p065,"домофон совсим голос не передаёт, не поймёшь кто пришёл",issue,door,entrance,4,,False,p065_4
p066,"Добрый день! В первом подъезде от входной двери оторвалась ручка, дверь теперь толкать неудобно, пальцы не за что зацепить. Прикрутите, пожалуйста.",issue,door,entrance,1,,True,p066_0
p066,в 1-м подъезде ручка от двери отвалилас,issue,door,entrance,1,,True,p066_1
p066,У нас в первом подъезде дверная ручка оторвалась и валяется у крыльца! Как прикажете дверь открывать?!,issue,door,entrance,1,,True,p066_2
p066,"Прошу закрепить ручку входной двери подъезда №1. Ручка оторвана, входная группа нуждается в мелком ремонте.",issue,door,entrance,1,,True,p066_3
p066,"ручка от двери аторвалась, теперь дверь голыми руками толкаешь, неудобно совсем",issue,door,entrance,1,,False,p066_4
p067,"Здравствуйте! На въезде на парковку перестал считываться электронный ключ: шлагбаум не открывается, пришлось бросить машину на улице. Разберитесь, пожалуйста.",issue,parking,parking,,,True,p067_0
p067,Ключ от праковки не считывается,issue,parking,parking,,,True,p067_1
p067,"Сколько раз писать?! На парковке опять не считывает мой электронный ключ, шлагбаум стоит, заехать не могу!",issue,parking,parking,,,True,p067_2
p067,"Прошу проверить работу считывателя электронных ключей на въезде на парковку. Ключ не распознаётся, шлагбаум не поднимается.",issue,parking,parking,,,True,p067_3
p067,"электронный ключ почему-то не читатся, заехать не могу, что делать",issue,parking,parking,,,False,p067_4
p068,"Добрый день! Брелок от въезда на парковку перестал распознаваться: шлагбаум на мой сигнал не реагирует. Посмотрите, пожалуйста, в чём дело.",issue,parking,parking,,,True,p068_0
p068,Брелок на парковке не срабатывает!,issue,parking,parking,,,True,p068_1
p068,"Опять этот брелок! На въезде на парковку мой брелок не считываетса, шлагбаум не поднимается вообще!",issue,parking,parking,,,True,p068_2
p068,"Прошу проверить оборудование въезда на парковку: брелок не считывается системой, из-за чего проезд внутрь невозможен.",issue,parking,parking,,,True,p068_3
p068,"брелок несробатывает, шлагбаум не открывается, че случилось с системой",issue,parking,parking,,,False,p068_4
p069,"Здравствуйте! На парковке разбито зеркало обзора, из-за которого видно поворот между рядами машин. Осколки всё ещё валяются рядом. Замените, пожалуйста.",issue,parking,parking,,,True,p069_0
p069,На парковке зеркало обзара разбито,issue,parking,parking,,,True,p069_1
p069,"На парковке кто-то разбил зеркало обзора, и теперь все ездят как слепые! Когда уже замените?!",issue,parking,parking,,,True,p069_2
p069,"Прошу заменить разбитое зеркало обзора на территории парковки. Въезжающим водителям не видно зону поворота, есть риск столкновения.",issue,parking,parking,,,True,p069_3
p069,"зеркло обзора разбили, не видно кто едет навстречу, поменяйте скорее",issue,parking,parking,,,False,p069_4
p070,"Добрый день! На парковке не работает видеокамера, которая смотрит на выезд. Если можно, почините её.",issue,parking,parking,,,True,p070_0
p070,на парковке камера сламана,issue,parking,parking,,,True,p070_1
p070,"Камера на парковке сломана уже месяц, и никто даже не чешется её чинить!",issue,parking,parking,,,True,p070_2
p070,"Прошу восстановить работу видеокамеры на парковке. Оборудование не функционирует, зона парковки остаётся без видеонаблюдения.",issue,parking,parking,,,True,p070_3
p070,"видеокамера сломалась, висит не снемает, почините уже",issue,parking,parking,,,False,p070_4
